{"cameraMode":{"drawMode":0,"name":"Shaded","section":"Shading Mode"},"sceneLighting":false,"audioPlay":false,"sceneViewState":{"showFog":true,"showMaterialUpdate":false,"showSkybox":true,"showFlares":true,"showImageEffects":true,"showParticleSystems":true},"in2DMode":false,"pivot":{"x":5.331317901611328,"y":-3.763035774230957,"z":-7.139751434326172},"rotation":{"x":-0.16573584079742433,"y":-0.7271521687507629,"z":0.18862615525722505,"w":-0.6389120817184448},"size":14.485380172729493,"orthographic":false}