{"cameraMode":{"drawMode":0,"name":"Shaded","section":"Shading Mode"},"sceneLighting":false,"audioPlay":false,"sceneViewState":{"showFog":true,"showMaterialUpdate":false,"showSkybox":true,"showFlares":true,"showImageEffects":true,"showParticleSystems":true},"in2DMode":false,"pivot":{"x":-8.7210693359375,"y":2.4902472496032717,"z":2.854966640472412},"rotation":{"x":0.016638390719890596,"y":-0.8990125060081482,"z":0.436280220746994,"w":0.03427420184016228},"size":2.7956581115722658,"orthographic":false}